<application>
  <component name="KeyPromoterXStatistic">
    <option name="statistics">
      <Statistic Action="Back">
        <Item>
          <IdeaActionID>Back</IdeaActionID>
          <ShortCut>'⌘[' or '⌥⌘←'</ShortCut>
          <Description>Back</Description>
          <Count>1</Count>
        </Item>
      </Statistic>
      <Statistic Action="Build Module 'app'">
        <Item>
          <IdeaActionID>MakeModule</IdeaActionID>
          <ShortCut>'⇧⌘F9'</ShortCut>
          <Description>Build Module 'app'</Description>
          <Count>1</Count>
        </Item>
      </Statistic>
      <Statistic Action="Copy">
        <Item>
          <IdeaActionID>$Copy</IdeaActionID>
          <ShortCut>'⌘C'</ShortCut>
          <Description>Copy</Description>
          <Count>5</Count>
        </Item>
      </Statistic>
      <Statistic Action="Copy Value">
        <Item>
          <IdeaActionID>XDebugger.CopyValue</IdeaActionID>
          <ShortCut>'⌘C'</ShortCut>
          <Description>Copy Value</Description>
          <Count>17</Count>
        </Item>
      </Statistic>
      <Statistic Action="Debug">
        <Item>
          <IdeaActionID>ActivateDebugToolWindow</IdeaActionID>
          <ShortCut>'⌘5'</ShortCut>
          <Description>Debug</Description>
          <Count>13</Count>
        </Item>
      </Statistic>
      <Statistic Action="Debug 'app'">
        <Item>
          <IdeaActionID>Debug</IdeaActionID>
          <ShortCut>'⌃D'</ShortCut>
          <Description>Debug 'app'</Description>
          <Count>5</Count>
        </Item>
      </Statistic>
      <Statistic Action="Declaration">
        <Item>
          <IdeaActionID>GotoDeclaration</IdeaActionID>
          <ShortCut>'⌘B' or '⌘Button1 Click' or 'Button2 Click'</ShortCut>
          <Description>Declaration</Description>
          <Count>192</Count>
        </Item>
      </Statistic>
      <Statistic Action="Find Usages">
        <Item>
          <IdeaActionID>FindUsages</IdeaActionID>
          <ShortCut>'⌥F7'</ShortCut>
          <Description>Find Usages</Description>
          <Count>5</Count>
        </Item>
      </Statistic>
      <Statistic Action="Flutter Hot Reload">
        <Item>
          <IdeaActionID>Flutter.Toolbar.ReloadAction</IdeaActionID>
          <ShortCut>'⌃Q'</ShortCut>
          <Description>Flutter Hot Reload</Description>
          <Count>4</Count>
        </Item>
      </Statistic>
      <Statistic Action="Hide All Windows">
        <Item>
          <IdeaActionID>HideAllWindows</IdeaActionID>
          <ShortCut>'⇧⌘F12'</ShortCut>
          <Description>Hide All Windows</Description>
          <Count>3</Count>
        </Item>
      </Statistic>
      <Statistic Action="Hide Grid">
        <Item>
          <IdeaActionID>Images.Editor.ToggleGrid</IdeaActionID>
          <ShortCut>'⌘''</ShortCut>
          <Description>Hide Grid</Description>
          <Count>1</Count>
        </Item>
      </Statistic>
      <Statistic Action="Implementation(s)">
        <Item>
          <IdeaActionID>GotoImplementation</IdeaActionID>
          <ShortCut>'⌥⌘B' or '⌥⌘Button1 Click'</ShortCut>
          <Description>Implementation(s)</Description>
          <Count>1</Count>
        </Item>
      </Statistic>
      <Statistic Action="Logcat">
        <Item>
          <IdeaActionID>ActivateLogcatToolWindow</IdeaActionID>
          <ShortCut>'⌘6'</ShortCut>
          <Description>Logcat</Description>
          <Count>58</Count>
        </Item>
      </Statistic>
      <Statistic Action="Make Module 'RemotrCloudAndroid'">
        <Item>
          <IdeaActionID>MakeModule</IdeaActionID>
          <ShortCut>'⇧⌘F9'</ShortCut>
          <Description>Make Module 'RemotrCloudAndroid'</Description>
          <Count>1</Count>
        </Item>
      </Statistic>
      <Statistic Action="Make Project">
        <Item>
          <IdeaActionID>MakeGradleProject</IdeaActionID>
          <ShortCut>'⌘F9'</ShortCut>
          <Description>Make Project</Description>
          <Count>4</Count>
        </Item>
      </Statistic>
      <Statistic Action="Paste">
        <Item>
          <IdeaActionID>$Paste</IdeaActionID>
          <ShortCut>'⌘V'</ShortCut>
          <Description>Paste</Description>
          <Count>4</Count>
        </Item>
      </Statistic>
      <Statistic Action="Paste Simple">
        <Item>
          <IdeaActionID>EditorPasteSimple</IdeaActionID>
          <ShortCut>'⌥⇧⌘V'</ShortCut>
          <Description>Paste Simple</Description>
          <Count>2</Count>
        </Item>
      </Statistic>
      <Statistic Action="Project">
        <Item>
          <IdeaActionID>ActivateProjectToolWindow</IdeaActionID>
          <ShortCut>'⌘1'</ShortCut>
          <Description>Project</Description>
          <Count>12</Count>
        </Item>
      </Statistic>
      <Statistic Action="Remove Watch">
        <Item>
          <IdeaActionID>XDebugger.RemoveWatch</IdeaActionID>
          <ShortCut>'⌦' or '⌫' or '⌘⌫'</ShortCut>
          <Description>Remove Watch</Description>
          <Count>4</Count>
        </Item>
      </Statistic>
      <Statistic Action="Resume Program">
        <Item>
          <IdeaActionID>Resume</IdeaActionID>
          <ShortCut>'⌥⌘R' or 'F9'</ShortCut>
          <Description>Resume Program</Description>
          <Count>43</Count>
        </Item>
      </Statistic>
      <Statistic Action="Revert...">
        <Item>
          <IdeaActionID>ChangesView.Revert</IdeaActionID>
          <ShortCut>'⌥⌘Z'</ShortCut>
          <Description>Revert...</Description>
          <Count>1</Count>
        </Item>
      </Statistic>
      <Statistic Action="Run">
        <Item>
          <IdeaActionID>ActivateRunToolWindow</IdeaActionID>
          <ShortCut>'⌘4'</ShortCut>
          <Description>Run</Description>
          <Count>13</Count>
        </Item>
      </Statistic>
      <Statistic Action="Run 'app'">
        <Item>
          <IdeaActionID>Run</IdeaActionID>
          <ShortCut>'⌃R'</ShortCut>
          <Description>Run 'app'</Description>
          <Count>11</Count>
        </Item>
      </Statistic>
      <Statistic Action="Run...">
        <Item>
          <IdeaActionID>ChooseRunConfiguration</IdeaActionID>
          <ShortCut>'⌃⌥R'</ShortCut>
          <Description>Run...</Description>
          <Count>1</Count>
        </Item>
      </Statistic>
      <Statistic Action="Show Grid">
        <Item>
          <IdeaActionID>Images.Editor.ToggleGrid</IdeaActionID>
          <ShortCut>'⌘''</ShortCut>
          <Description>Show Grid</Description>
          <Count>2</Count>
        </Item>
      </Statistic>
      <Statistic Action="Step Into">
        <Item>
          <IdeaActionID>StepInto</IdeaActionID>
          <ShortCut>'F7'</ShortCut>
          <Description>Step Into</Description>
          <Count>1</Count>
        </Item>
      </Statistic>
      <Statistic Action="Step Over">
        <Item>
          <IdeaActionID>StepOver</IdeaActionID>
          <ShortCut>'F8'</ShortCut>
          <Description>Step Over</Description>
          <Count>1</Count>
        </Item>
      </Statistic>
      <Statistic Action="Stop 'AppVersionTest.throwsExceptionWhenVersionNumberIsMalformed'">
        <Item>
          <IdeaActionID>Stop</IdeaActionID>
          <ShortCut>'⌘F2'</ShortCut>
          <Description>Stop 'AppVersionTest.throwsExceptionWhenVersionNumberIsMalformed'</Description>
          <Count>1</Count>
        </Item>
      </Statistic>
      <Statistic Action="Stop 'CachedGameRepositoryTest$getCategories.onSuccess_itReturnsGamesList'">
        <Item>
          <IdeaActionID>Stop</IdeaActionID>
          <ShortCut>'⌘F2'</ShortCut>
          <Description>Stop 'CachedGameRepositoryTest$getCategories.onSuccess_itReturnsGamesList'</Description>
          <Count>12</Count>
        </Item>
      </Statistic>
      <Statistic Action="Stop 'GameModelSearchScoringComparatorTest$SortOrder.testSortOrder'">
        <Item>
          <IdeaActionID>Stop</IdeaActionID>
          <ShortCut>'⌘F2'</ShortCut>
          <Description>Stop 'GameModelSearchScoringComparatorTest$SortOrder.testSortOrder'</Description>
          <Count>1</Count>
        </Item>
      </Statistic>
      <Statistic Action="Stop 'MapToBundleTest'">
        <Item>
          <IdeaActionID>Stop</IdeaActionID>
          <ShortCut>'⌘F2'</ShortCut>
          <Description>Stop 'MapToBundleTest'</Description>
          <Count>2</Count>
        </Item>
      </Statistic>
      <Statistic Action="Stop 'RandomHintServerTest'">
        <Item>
          <IdeaActionID>Stop</IdeaActionID>
          <ShortCut>'⌘F2'</ShortCut>
          <Description>Stop 'RandomHintServerTest'</Description>
          <Count>1</Count>
        </Item>
      </Statistic>
      <Statistic Action="Stop 'app'">
        <Item>
          <IdeaActionID>Stop</IdeaActionID>
          <ShortCut>'⌘F2'</ShortCut>
          <Description>Stop 'app'</Description>
          <Count>23</Count>
        </Item>
      </Statistic>
      <Statistic Action="Stop 'main.dart'">
        <Item>
          <IdeaActionID>Stop</IdeaActionID>
          <ShortCut>'⌘F2'</ShortCut>
          <Description>Stop 'main.dart'</Description>
          <Count>1</Count>
        </Item>
      </Statistic>
      <Statistic Action="Stop...">
        <Item>
          <IdeaActionID>Stop</IdeaActionID>
          <ShortCut>'⌘F2'</ShortCut>
          <Description>Stop...</Description>
          <Count>5</Count>
        </Item>
      </Statistic>
      <Statistic Action="Structure">
        <Item>
          <IdeaActionID>ActivateStructureToolWindow</IdeaActionID>
          <ShortCut>'⌘7'</ShortCut>
          <Description>Structure</Description>
          <Count>1</Count>
        </Item>
      </Statistic>
      <Statistic Action="Terminal">
        <Item>
          <IdeaActionID>ActivateTerminalToolWindow</IdeaActionID>
          <ShortCut>'⌥F12'</ShortCut>
          <Description>Terminal</Description>
          <Count>21</Count>
        </Item>
      </Statistic>
      <Statistic Action="Toggle Line Breakpoint">
        <Item>
          <IdeaActionID>ToggleLineBreakpoint</IdeaActionID>
          <ShortCut>'⌘F8'</ShortCut>
          <Description>Toggle Line Breakpoint</Description>
          <Count>76</Count>
        </Item>
      </Statistic>
      <Statistic Action="Version Control">
        <Item>
          <IdeaActionID>ActivateVersionControlToolWindow</IdeaActionID>
          <ShortCut>'⌘9' or '⇧⌘9'</ShortCut>
          <Description>Version Control</Description>
          <Count>12</Count>
        </Item>
      </Statistic>
      <Statistic Action="View Breakpoints...">
        <Item>
          <IdeaActionID>ViewBreakpoints</IdeaActionID>
          <ShortCut>'⇧⌘F8'</ShortCut>
          <Description>View Breakpoints...</Description>
          <Count>2</Count>
        </Item>
      </Statistic>
      <Statistic Action="Zoom Out">
        <Item>
          <IdeaActionID>Images.Editor.ZoomOut</IdeaActionID>
          <ShortCut>'⌘-' or '⌘-'</ShortCut>
          <Description>Zoom Out</Description>
          <Count>2</Count>
        </Item>
      </Statistic>
    </option>
    <option name="suppressed">
      <Statistic Action="Build Variants">
        <Item>
          <IdeaActionID>ActivateBuildVariantsToolWindow</IdeaActionID>
          <Description>Build Variants</Description>
        </Item>
      </Statistic>
      <Statistic Action="Event Log">
        <Item>
          <IdeaActionID>ActivateEventLogToolWindow</IdeaActionID>
          <Description>Event Log</Description>
        </Item>
      </Statistic>
      <Statistic Action="Key Promoter X">
        <Item>
          <IdeaActionID>ActivateKeyPromoterXToolWindow</IdeaActionID>
          <Description>Key Promoter X</Description>
        </Item>
      </Statistic>
    </option>
  </component>
</application>